{
  "grid": {
    "bin_hours": [
      6.0,
      12.0,
      24.0
    ],
    "duration_buffer_factor": [
      1.2,
      1.5,
      2.0
    ],
    "sigma_clip": [
      null,
      5.0
    ]
  },
  "n_variants": 18,
  "raw_depth_err_ppm": 11.153641839855947,
  "raw_depth_ppm": 264.57118442002604,
  "rows": [
    {
      "V12_msg": "OK: SWEET finds no out-of-transit variability at transit period",
      "V12_snr_at_period": 0.4048535418170745,
      "V16_flags": [],
      "V16_label": "TRANSIT",
      "V16_margin_bic": 16.760696104960516,
      "V16_winner": "transit_only",
      "V17_p": 0.004975124378109453,
      "V17_peak_ratio": 1.0032640235783508,
      "V17_z": 10.995883393301037,
      "V19_best_other_harmonic": "2P",
      "V19_events": 1,
      "V19_max_event_sigma": 4.155100149084566,
      "V19_ratio": 0.5926154388898133,
      "bin_hours": 6.0,
      "depth_err_ppm": 11.194782225825211,
      "depth_ppm": 226.80243251416155,
      "duration_buffer_factor": 2.0,
      "sigma_clip": 5.0
    },
    {
      "V12_msg": "OK: SWEET finds no out-of-transit variability at transit period",
      "V12_snr_at_period": 0.413536680069632,
      "V16_flags": [],
      "V16_label": "TRANSIT",
      "V16_margin_bic": 16.756578468019143,
      "V16_winner": "transit_only",
      "V17_p": 0.004975124378109453,
      "V17_peak_ratio": 1.0032641948144063,
      "V17_z": 10.999340461068018,
      "V19_best_other_harmonic": "2P",
      "V19_events": 1,
      "V19_max_event_sigma": 4.155116544089394,
      "V19_ratio": 0.5924888306135627,
      "bin_hours": 6.0,
      "depth_err_ppm": 11.194781777988053,
      "depth_ppm": 226.75764767399187,
      "duration_buffer_factor": 2.0,
      "sigma_clip": null
    },
    {
      "V12_msg": "OK: SWEET finds no out-of-transit variability at transit period",
      "V12_snr_at_period": 0.6806933631162055,
      "V16_flags": [],
      "V16_label": "TRANSIT",
      "V16_margin_bic": 15.644076685479376,
      "V16_winner": "transit_only",
      "V17_p": 0.004975124378109453,
      "V17_peak_ratio": 1.0026237804202403,
      "V17_z": 11.12947272097498,
      "V19_best_other_harmonic": "3P",
      "V19_events": 1,
      "V19_max_event_sigma": 3.5441197359755114,
      "V19_ratio": 0.6670196077361831,
      "bin_hours": 6.0,
      "depth_err_ppm": 11.180120737013327,
      "depth_ppm": 241.8557011885092,
      "duration_buffer_factor": 1.2,
      "sigma_clip": 5.0
    },
    {
      "V12_msg": "OK: SWEET finds no out-of-transit variability at transit period",
      "V12_snr_at_period": 0.687534474487148,
      "V16_flags": [],
      "V16_label": "TRANSIT",
      "V16_margin_bic": 15.644076685537584,
      "V16_winner": "transit_only",
      "V17_p": 0.004975124378109453,
      "V17_peak_ratio": 1.0026237804202403,
      "V17_z": 11.132786768721326,
      "V19_best_other_harmonic": "3P",
      "V19_events": 1,
      "V19_max_event_sigma": 3.5441337201655583,
      "V19_ratio": 0.6670196077361831,
      "bin_hours": 6.0,
      "depth_err_ppm": 11.180120160692947,
      "depth_ppm": 241.82310832610023,
      "duration_buffer_factor": 1.2,
      "sigma_clip": null
    },
    {
      "V12_msg": "OK: SWEET finds no out-of-transit variability at transit period",
      "V12_snr_at_period": 1.3328872884373644,
      "V16_flags": [],
      "V16_label": "AMBIGUOUS",
      "V16_margin_bic": 3.613595781265758,
      "V16_winner": "transit_only",
      "V17_p": 0.004975124378109453,
      "V17_peak_ratio": 1.0032751047572157,
      "V17_z": 8.94345390845226,
      "V19_best_other_harmonic": "2P",
      "V19_events": 2,
      "V19_max_event_sigma": 3.955104588569354,
      "V19_ratio": 0.6838917821412096,
      "bin_hours": 12.0,
      "depth_err_ppm": 11.143785848425665,
      "depth_ppm": 224.36612056930815,
      "duration_buffer_factor": 2.0,
      "sigma_clip": null
    },
    {
      "V12_msg": "OK: SWEET finds no out-of-transit variability at transit period",
      "V12_snr_at_period": 1.3421503574640972,
      "V16_flags": [],
      "V16_label": "AMBIGUOUS",
      "V16_margin_bic": 3.6136300876387395,
      "V16_winner": "transit_only",
      "V17_p": 0.004975124378109453,
      "V17_peak_ratio": 1.003275104068308,
      "V17_z": 8.942924325257966,
      "V19_best_other_harmonic": "2P",
      "V19_events": 2,
      "V19_max_event_sigma": 3.955102842019521,
      "V19_ratio": 0.6839204785726335,
      "bin_hours": 12.0,
      "depth_err_ppm": 11.143785845485946,
      "depth_ppm": 224.42338878370106,
      "duration_buffer_factor": 2.0,
      "sigma_clip": 5.0
    },
    {
      "V12_msg": "OK: SWEET finds no out-of-transit variability at transit period",
      "V12_snr_at_period": 1.5196883371437966,
      "V16_flags": [],
      "V16_label": "AMBIGUOUS",
      "V16_margin_bic": 6.745053437480237,
      "V16_winner": "transit_only",
      "V17_p": 0.004975124378109453,
      "V17_peak_ratio": 1.0024210595470744,
      "V17_z": 8.868693957514953,
      "V19_best_other_harmonic": "2P",
      "V19_events": 1,
      "V19_max_event_sigma": 3.210187044443599,
      "V19_ratio": 0.6374569884123453,
      "bin_hours": 12.0,
      "depth_err_ppm": 11.102535517821032,
      "depth_ppm": 216.2252330248915,
      "duration_buffer_factor": 1.2,
      "sigma_clip": null
    },
    {
      "V12_msg": "OK: SWEET finds no out-of-transit variability at transit period",
      "V12_snr_at_period": 1.5289089112718706,
      "V16_flags": [],
      "V16_label": "AMBIGUOUS",
      "V16_margin_bic": 6.752222004230134,
      "V16_winner": "transit_only",
      "V17_p": 0.004975124378109453,
      "V17_peak_ratio": 1.002420949204925,
      "V17_z": 8.868189827518227,
      "V19_best_other_harmonic": "2P",
      "V19_events": 1,
      "V19_max_event_sigma": 3.192419801079818,
      "V19_ratio": 0.6374865582079636,
      "bin_hours": 12.0,
      "depth_err_ppm": 11.102535389006265,
      "depth_ppm": 216.25158955662639,
      "duration_buffer_factor": 1.2,
      "sigma_clip": 5.0
    },
    {
      "V12_msg": "OK: SWEET finds no out-of-transit variability at transit period",
      "V12_snr_at_period": 1.5472483776059016,
      "V16_flags": [],
      "V16_label": "AMBIGUOUS",
      "V16_margin_bic": 6.703511783329304,
      "V16_winner": "transit_only",
      "V17_p": 0.004975124378109453,
      "V17_peak_ratio": 1.0026922231447977,
      "V17_z": 8.851562157089017,
      "V19_best_other_harmonic": "2P",
      "V19_events": 1,
      "V19_max_event_sigma": 3.05553056703154,
      "V19_ratio": 0.6380172554846351,
      "bin_hours": 12.0,
      "depth_err_ppm": 11.102289428246062,
      "depth_ppm": 215.2286325938224,
      "duration_buffer_factor": 1.5,
      "sigma_clip": null
    },
    {
      "V12_msg": "OK: SWEET finds no out-of-transit variability at transit period",
      "V12_snr_at_period": 1.5564623695532303,
      "V16_flags": [],
      "V16_label": "AMBIGUOUS",
      "V16_margin_bic": 6.706302136240993,
      "V16_winner": "transit_only",
      "V17_p": 0.004975124378109453,
      "V17_peak_ratio": 1.0026921750764655,
      "V17_z": 8.851063165718898,
      "V19_best_other_harmonic": "2P",
      "V19_events": 1,
      "V19_max_event_sigma": 3.0377633919023173,
      "V19_ratio": 0.6380470007198843,
      "bin_hours": 12.0,
      "depth_err_ppm": 11.10228937244955,
      "depth_ppm": 215.2537784634312,
      "duration_buffer_factor": 1.5,
      "sigma_clip": 5.0
    },
    {
      "V12_msg": "OK: SWEET finds no out-of-transit variability at transit period",
      "V12_snr_at_period": 1.0780491608134144,
      "V16_flags": [
        "MODEL_PREFERS_NON_TRANSIT"
      ],
      "V16_label": "AMBIGUOUS",
      "V16_margin_bic": 0.8101284966105595,
      "V16_winner": "eb_like",
      "V17_p": 0.004975124378109453,
      "V17_peak_ratio": 1.0039427266894114,
      "V17_z": 10.671664192776994,
      "V19_best_other_harmonic": "3P",
      "V19_events": 0,
      "V19_max_event_sigma": 0.0,
      "V19_ratio": 0.6125547942068241,
      "bin_hours": 6.0,